{
    "parent": "minecraft:item/generated",
    "textures": {
      "layer0": "minecraft:item/gray_dye"
    },
    "overrides": [
      {
        "predicate": {
          "custom_model_data": 1
        },
        "model": "minecraft:custom/habicon_gray"
      },
      {
        "predicate": {
          "custom_model_data": 2
        },
        "model": "minecraft:custom/habicon_lime"
      },
      {
        "predicate": {
          "custom_model_data": 3
        },
        "model": "minecraft:custom/habicon_pink"
      },
      {
        "predicate": {
          "custom_model_data": 4
        },
        "model": "minecraft:custom/habicon_red"
      }
    ]
  }