{
	"credit": "Feito por Rapina",
	"textures": {
		"0": "item/tuskactone",
		"particle": "item/tuskactone"
	},
	"elements": [
		{
			"from": [5.8, 11, 6.9],
			"to": [10.2, 14.5, 10.9],
			"rotation": {"angle": 0, "axis": "y", "origin": [8, 13.09347, 7.79816]},
			"faces": {
				"north": {"uv": [4, 4, 8, 7], "texture": "#0"},
				"east": {"uv": [0, 4, 4, 7], "texture": "#0"},
				"south": {"uv": [4, 7, 8, 9.75], "texture": "#0"},
				"west": {"uv": [8, 4, 12, 7], "texture": "#0"},
				"up": {"uv": [0, 4, 4, 0], "texture": "#0"},
				"down": {"uv": [4, 0, 8, 4], "texture": "#0"}
			}
		},
		{
			"from": [6, 10.25, 7],
			"to": [10, 11, 9],
			"rotation": {"angle": 0, "axis": "y", "origin": [8, 13.09347, 7.79816]},
			"faces": {
				"north": {"uv": [4, 6.5, 6, 6.5], "texture": "#0"},
				"east": {"uv": [3, 6.5, 4, 6.5], "texture": "#0"},
				"south": {"uv": [7, 6.5, 9, 6.5], "texture": "#0"},
				"west": {"uv": [6, 6.5, 7, 6.5], "texture": "#0"},
				"up": {"uv": [6, 6.5, 4, 5.5], "texture": "#0"},
				"down": {"uv": [8, 5.5, 6, 6.5], "texture": "#0"}
			}
		},
		{
			"from": [9.38628, 14.45827, 8.97132],
			"to": [11.53628, 14.95827, 9.97132],
			"rotation": {"angle": -22.5, "axis": "z", "origin": [8, 13.09347, 7.79816]},
			"faces": {
				"north": {"uv": [8, 7, 9, 7.5], "texture": "#0"},
				"east": {"uv": [8, 7, 8.5, 7.25], "texture": "#0"},
				"south": {"uv": [8, 7, 9, 7.5], "texture": "#0"},
				"west": {"uv": [8, 7, 8.5, 7.25], "texture": "#0"},
				"up": {"uv": [8, 7, 9, 7.5], "texture": "#0"},
				"down": {"uv": [8, 7, 9, 7.5], "texture": "#0"}
			}
		},
		{
			"from": [9.70336, 15.49888, 8.52868],
			"to": [14.10336, 15.74888, 10.27868],
			"rotation": {"angle": -45, "axis": "z", "origin": [8, 13.09347, 7.79816]},
			"faces": {
				"north": {"uv": [9, 7, 11, 7.25], "texture": "#0"},
				"east": {"uv": [8, 7.25, 9, 7.5], "texture": "#0"},
				"south": {"uv": [11, 7, 9, 7.25], "texture": "#0"},
				"west": {"uv": [8, 7.25, 9, 7.5], "texture": "#0"},
				"up": {"uv": [9, 7.5, 8, 7], "texture": "#0"},
				"down": {"uv": [8, 7.5, 12, 8.5], "texture": "#0"}
			}
		},
		{
			"from": [4.46372, 14.45827, 8.97132],
			"to": [6.61372, 14.95827, 9.97132],
			"rotation": {"angle": 22.5, "axis": "z", "origin": [8, 13.09347, 7.79816]},
			"faces": {
				"north": {"uv": [8, 7, 9, 7.5], "texture": "#0"},
				"east": {"uv": [8, 7, 8.5, 7.25], "texture": "#0"},
				"south": {"uv": [8, 7, 9, 7.5], "texture": "#0"},
				"west": {"uv": [8, 7, 8.5, 7.25], "texture": "#0"},
				"up": {"uv": [8, 7, 9, 7.5], "texture": "#0"},
				"down": {"uv": [8, 7, 9, 7.5], "texture": "#0"}
			}
		},
		{
			"from": [1.89664, 15.49888, 8.52868],
			"to": [6.29664, 15.74888, 10.27868],
			"rotation": {"angle": 45, "axis": "z", "origin": [8, 13.09347, 7.79816]},
			"faces": {
				"north": {"uv": [9, 7, 11, 7.25], "texture": "#0"},
				"east": {"uv": [8, 7.25, 9, 7.5], "texture": "#0"},
				"south": {"uv": [11, 7, 9, 7.25], "texture": "#0"},
				"west": {"uv": [8, 7.25, 9, 7.5], "texture": "#0"},
				"up": {"uv": [9, 7.5, 8, 7], "texture": "#0"},
				"down": {"uv": [12, 7.5, 8, 8.5], "texture": "#0"}
			}
		},
		{
			"from": [9.01676, 12.1904, 6.5],
			"to": [10.16676, 12.6904, 6.9],
			"rotation": {"angle": -22.5, "axis": "z", "origin": [8, 13.09347, 7.79816]},
			"faces": {
				"north": {"uv": [8, 2.5, 8.25, 2.75], "texture": "#0"},
				"east": {"uv": [8, 2.5, 8.25, 2.75], "texture": "#0"},
				"south": {"uv": [8, 2.5, 8.25, 2.75], "texture": "#0"},
				"west": {"uv": [8, 2.5, 8.25, 2.75], "texture": "#0"},
				"up": {"uv": [8, 2.5, 8.25, 2.75], "texture": "#0"},
				"down": {"uv": [8, 2.5, 8.25, 2.75], "texture": "#0"}
			}
		},
		{
			"from": [8.8, 11.25, 6.65],
			"to": [9.45, 11.75, 6.9],
			"rotation": {"angle": 0, "axis": "y", "origin": [8, 13.09347, 7.79816]},
			"faces": {
				"north": {"uv": [8, 1.25, 9, 2.25], "texture": "#0"},
				"east": {"uv": [9, 1.25, 9.25, 2.25], "texture": "#0"},
				"south": {"uv": [8, 1.25, 9, 2.25], "texture": "#0"},
				"west": {"uv": [9, 1.25, 9.25, 2.25], "texture": "#0"},
				"up": {"uv": [9, 1.25, 9.25, 2.25], "texture": "#0"},
				"down": {"uv": [9, 1.25, 9.25, 2.25], "texture": "#0"}
			}
		},
		{
			"from": [5.92891, 12.17137, 6.5],
			"to": [7.07891, 12.67137, 6.9],
			"rotation": {"angle": 22.5, "axis": "z", "origin": [8, 13.09347, 7.79816]},
			"faces": {
				"north": {"uv": [8, 2.5, 8.25, 2.75], "texture": "#0"},
				"east": {"uv": [8, 2.5, 8.25, 2.75], "texture": "#0"},
				"south": {"uv": [8, 2.5, 8.25, 2.75], "texture": "#0"},
				"west": {"uv": [8, 2.5, 8.25, 2.75], "texture": "#0"},
				"up": {"uv": [8, 2.5, 8.25, 2.75], "texture": "#0"},
				"down": {"uv": [8, 2.5, 8.25, 2.75], "texture": "#0"}
			}
		},
		{
			"from": [6.55, 11.25, 6.65],
			"to": [7.2, 11.75, 6.9],
			"rotation": {"angle": 0, "axis": "y", "origin": [8, 13.09347, 7.79816]},
			"faces": {
				"north": {"uv": [8, 1.25, 9, 2.25], "texture": "#0"},
				"east": {"uv": [9, 1.25, 9.25, 2.25], "texture": "#0"},
				"south": {"uv": [8, 1.25, 9, 2.25], "texture": "#0"},
				"west": {"uv": [9, 1.25, 9.25, 2.25], "texture": "#0"},
				"up": {"uv": [9, 1.25, 9.25, 2.25], "texture": "#0"},
				"down": {"uv": [9, 1.25, 9.25, 2.25], "texture": "#0"}
			}
		},
		{
			"from": [7.5, 10.5, 6.75],
			"to": [8.5, 11.45, 7],
			"rotation": {"angle": 0, "axis": "y", "origin": [8, 13.09347, 7.79816]},
			"faces": {
				"north": {"uv": [11.75, 0, 12.25, 0.5], "texture": "#0"},
				"east": {"uv": [11.5, 0, 11.75, 0.5], "texture": "#0"},
				"south": {"uv": [11.75, 0, 12.25, 0.5], "texture": "#0"},
				"west": {"uv": [11.5, 0.5, 11.75, 0], "texture": "#0"},
				"up": {"uv": [12.25, 0.5, 11.75, 0.75], "texture": "#0"},
				"down": {"uv": [11.75, 0.5, 12.25, 0.75], "texture": "#0"}
			}
		},
		{
			"from": [7.8, 10.8, 5.5],
			"to": [8.2, 11.2, 6.75],
			"rotation": {"angle": 0, "axis": "y", "origin": [8, 13.09347, 7.79816]},
			"faces": {
				"north": {"uv": [12.5, 0, 12.75, 0.25], "texture": "#0"},
				"east": {"uv": [12.25, 0, 12.75, 0.25], "texture": "#0"},
				"south": {"uv": [12.5, 0, 12.75, 0.25], "texture": "#0"},
				"west": {"uv": [12.25, 0, 12.75, 0.25], "texture": "#0"},
				"up": {"uv": [12.5, 0, 12.75, 0.25], "texture": "#0"},
				"down": {"uv": [12.5, 0, 12.75, 0.25], "texture": "#0"}
			}
		},
		{
			"from": [8, 11.1, 5.5],
			"to": [8, 14.5, 6.9],
			"rotation": {"angle": 0, "axis": "y", "origin": [8, 13.09347, 7.79816]},
			"faces": {
				"east": {"uv": [14.5, 0, 16, 4], "texture": "#0"},
				"west": {"uv": [16, 0, 14.5, 4], "texture": "#0"}
			}
		},
		{
			"from": [8.44468, 14.65029, 8.43504],
			"to": [9.84468, 17.15029, 8.43504],
			"rotation": {"angle": 22.5, "axis": "x", "origin": [8, 13.09347, 7.79816]},
			"faces": {
				"north": {"uv": [10, 0, 11.5, 2.25], "texture": "#0"},
				"south": {"uv": [11.5, 0, 10, 2.25], "texture": "#0"}
			}
		},
		{
			"from": [10.19468, 12.5, 7.92367],
			"to": [12.34468, 13.5, 7.92367],
			"rotation": {"angle": 0, "axis": "y", "origin": [8, 13.09347, 7.79816]},
			"faces": {
				"north": {"uv": [8, 0, 10, 1], "texture": "#0"},
				"south": {"uv": [10, 0, 8, 1], "texture": "#0"}
			}
		},
		{
			"from": [9.94468, 10.5, 7.67367],
			"to": [12.09468, 11.5, 7.67367],
			"rotation": {"angle": -22.5, "axis": "z", "origin": [11.01968, 11, 7.67367]},
			"faces": {
				"north": {"uv": [8, 1, 10, 0], "texture": "#0"},
				"south": {"uv": [10, 1, 8, 0], "texture": "#0"}
			}
		},
		{
			"from": [6.15532, 14.65029, 8.43504],
			"to": [7.55532, 17.15029, 8.43504],
			"rotation": {"angle": 22.5, "axis": "x", "origin": [8, 13.09347, 7.79816]},
			"faces": {
				"north": {"uv": [11.5, 0, 10, 2.25], "texture": "#0"},
				"south": {"uv": [10, 0, 11.5, 2.25], "texture": "#0"}
			}
		},
		{
			"from": [3.65532, 12.5, 7.92367],
			"to": [5.80532, 13.5, 7.92367],
			"rotation": {"angle": 0, "axis": "y", "origin": [8, 13.09347, 7.79816]},
			"faces": {
				"north": {"uv": [10, 0, 8, 1], "texture": "#0"},
				"south": {"uv": [8, 0, 10, 1], "texture": "#0"}
			}
		},
		{
			"from": [3.90532, 10.5, 7.67367],
			"to": [6.05532, 11.5, 7.67367],
			"rotation": {"angle": 22.5, "axis": "z", "origin": [4.98032, 11, 7.67367]},
			"faces": {
				"north": {"uv": [10, 1, 8, 0], "texture": "#0"},
				"south": {"uv": [8, 1, 10, 0], "texture": "#0"}
			}
		},
		{
			"from": [6.3, 7.02509, 6.81086],
			"to": [9.7, 10.52509, 10.31086],
			"rotation": {"angle": 22.5, "axis": "x", "origin": [8, 7.22122, 7.68786]},
			"faces": {
				"north": {"uv": [11.5, 14.5, 13, 16], "texture": "#0"},
				"east": {"uv": [11.5, 13, 13, 14.5], "texture": "#0"},
				"south": {"uv": [13, 13, 16, 16], "texture": "#0"},
				"west": {"uv": [13, 13, 11.5, 14.5], "texture": "#0"},
				"up": {"uv": [11.5, 14.5, 10, 13], "texture": "#0"},
				"down": {"uv": [11.5, 14.5, 10, 16], "texture": "#0"}
			}
		},
		{
			"from": [6.55, 5.16663, 7.07131],
			"to": [9.45, 8.41663, 9.82131],
			"rotation": {"angle": 45, "axis": "x", "origin": [8, 7.22122, 7.68786]},
			"faces": {
				"north": {"uv": [11.5, 14.5, 13, 16], "texture": "#0"},
				"east": {"uv": [11.5, 13, 13, 14.5], "texture": "#0"},
				"south": {"uv": [14.25, 11.25, 16, 13], "texture": "#0"},
				"west": {"uv": [13, 13, 11.5, 14.5], "texture": "#0"},
				"up": {"uv": [11.5, 14.5, 10, 13], "texture": "#0"},
				"down": {"uv": [11.5, 14.5, 10, 16], "texture": "#0"}
			}
		},
		{
			"from": [7.05, 5.11065, 4.53443],
			"to": [8.95, 6.86065, 6.78443],
			"rotation": {"angle": -22.5, "axis": "x", "origin": [8, 7.22122, 7.68786]},
			"faces": {
				"north": {"uv": [10, 14.5, 11.5, 16], "texture": "#0"},
				"east": {"uv": [11.5, 13, 13, 14.5], "texture": "#0"},
				"south": {"uv": [10, 13, 11.5, 14.5], "texture": "#0"},
				"west": {"uv": [13, 13, 11.5, 14.5], "texture": "#0"},
				"up": {"uv": [13, 16, 11.5, 14.5], "texture": "#0"},
				"down": {"uv": [14.25, 11.5, 12.75, 13], "texture": "#0"}
			}
		},
		{
			"from": [4.15201, 3.49472, 7.44159],
			"to": [12.05201, 6.74472, 7.44159],
			"rotation": {"angle": 22.5, "axis": "y", "origin": [8, 7.22122, 7.68786]},
			"faces": {
				"north": {"uv": [0, 13, 7, 16], "texture": "#0"},
				"east": {"uv": [0, 14.5, 0, 16], "texture": "#0"},
				"south": {"uv": [0, 13, 7, 16], "texture": "#0"},
				"west": {"uv": [0, 14.5, 0, 16], "texture": "#0"},
				"up": {"uv": [3.5, 16, 0, 16], "texture": "#0"},
				"down": {"uv": [3.5, 16, 0, 16], "texture": "#0"}
			}
		},
		{
			"from": [3.94799, 3.49472, 7.44159],
			"to": [11.84799, 6.74472, 7.44159],
			"rotation": {"angle": -22.5, "axis": "y", "origin": [8, 7.22122, 7.68786]},
			"faces": {
				"north": {"uv": [0, 13, 7, 16], "texture": "#0"},
				"east": {"uv": [0, 14.5, 0, 16], "texture": "#0"},
				"south": {"uv": [0, 13, 7, 16], "texture": "#0"},
				"west": {"uv": [0, 14.5, 0, 16], "texture": "#0"},
				"up": {"uv": [3.5, 16, 0, 16], "texture": "#0"},
				"down": {"uv": [3.5, 16, 0, 16], "texture": "#0"}
			}
		},
		{
			"from": [10.33582, 8.82273, 6.16307],
			"to": [10.98582, 9.82273, 7.41307],
			"rotation": {"angle": 0, "axis": "y", "origin": [8, 7.22122, 7.68786]},
			"faces": {
				"north": {"uv": [0.5, 11.5, 0.5, 12], "rotation": 180, "texture": "#0"},
				"east": {"uv": [0, 11.5, 0.5, 12], "rotation": 270, "texture": "#0"},
				"south": {"uv": [1, 11.5, 1, 12], "texture": "#0"},
				"west": {"uv": [0.5, 11.5, 1, 12], "rotation": 90, "texture": "#0"},
				"up": {"uv": [0.5, 11.5, 0.5, 11], "rotation": 180, "texture": "#0"},
				"down": {"uv": [0.5, 11, 0.5, 11.5], "texture": "#0"}
			}
		},
		{
			"from": [10.01271, 8.32273, 4.84918],
			"to": [11.16271, 9.82273, 9.09918],
			"rotation": {"angle": -22.5, "axis": "y", "origin": [8, 7.22122, 7.68786]},
			"faces": {
				"north": {"uv": [4, 9.75, 5, 11], "texture": "#0"},
				"east": {"uv": [0, 9.75, 4, 11], "texture": "#0"},
				"south": {"uv": [5, 9.75, 6, 11], "texture": "#0"},
				"west": {"uv": [0, 11, 4, 12.25], "texture": "#0"},
				"up": {"uv": [7, 12.75, 6, 9.75], "texture": "#0"},
				"down": {"uv": [7, 9.75, 6, 12.75], "texture": "#0"}
			}
		},
		{
			"from": [5.01418, 8.82273, 6.16307],
			"to": [5.66418, 9.82273, 7.41307],
			"rotation": {"angle": 0, "axis": "y", "origin": [8, 7.22122, 7.68786]},
			"faces": {
				"north": {"uv": [0.5, 11.5, 0.5, 12], "rotation": 180, "texture": "#0"},
				"east": {"uv": [0, 11.5, 0.5, 12], "rotation": 90, "texture": "#0"},
				"south": {"uv": [1, 11.5, 1, 12], "texture": "#0"},
				"west": {"uv": [0.5, 11.5, 1, 12], "rotation": 270, "texture": "#0"},
				"up": {"uv": [0.5, 11.5, 0.5, 11], "rotation": 180, "texture": "#0"},
				"down": {"uv": [0.5, 11, 0.5, 11.5], "texture": "#0"}
			}
		},
		{
			"from": [4.83729, 8.32273, 4.84918],
			"to": [5.98729, 9.82273, 9.09918],
			"rotation": {"angle": 22.5, "axis": "y", "origin": [8, 7.22122, 7.68786]},
			"faces": {
				"north": {"uv": [4, 9.75, 5, 11], "texture": "#0"},
				"east": {"uv": [4, 11, 0, 12.25], "texture": "#0"},
				"south": {"uv": [5, 9.75, 6, 11], "texture": "#0"},
				"west": {"uv": [4, 9.75, 0, 11], "texture": "#0"},
				"up": {"uv": [7, 12.75, 6, 9.75], "texture": "#0"},
				"down": {"uv": [7, 9.75, 6, 12.75], "texture": "#0"}
			}
		}
	],
	"groups": [
		{
			"name": "head",
			"origin": [8, 12, 9],
			"color": 0,
			"children": [
				0,
				1,
				{
					"name": "orelha",
					"origin": [8, 12.75, 9.15],
					"color": 0,
					"children": [2, 3]
				},
				{
					"name": "orelha",
					"origin": [8, 12.75, 9.15],
					"color": 0,
					"children": [4, 5]
				},
				{
					"name": "olho",
					"origin": [8, 13, 8],
					"color": 0,
					"children": [6, 7]
				},
				{
					"name": "olho",
					"origin": [8, 13, 8],
					"color": 0,
					"children": [8, 9]
				},
				{
					"name": "nariz",
					"origin": [6.25, 13.25, 8],
					"color": 0,
					"children": [10, 11, 12]
				},
				{
					"name": "antenas",
					"origin": [8, 8, 8],
					"color": 0,
					"children": [13, 14, 15, 16, 17, 18]
				}
			]
		},
		{
			"name": "body",
			"origin": [8, 8, 8],
			"color": 0,
			"children": [
				19,
				20,
				21,
				{
					"name": "coracoes",
					"origin": [8, 8, 8],
					"color": 0,
					"children": [22, 23]
				},
				{
					"name": "arm",
					"origin": [8, 7.30774, 8.42392],
					"color": 0,
					"children": [24, 25]
				},
				{
					"name": "arm",
					"origin": [8, 8, 8],
					"color": 0,
					"children": [26, 27]
				}
			]
		}
	]
}