{
	"textures": {
		"0": "item/colt"
	},
	"elements": [
		{
			"from": [6.75, 0, 13],
			"to": [9.25, 5, 16],
			"rotation": {"angle": 0, "axis": "y", "origin": [8, 0, 14]},
			"faces": {
				"north": {"uv": [13, 11, 16, 16], "texture": "#0"},
				"east": {"uv": [13, 11, 16, 16], "texture": "#0"},
				"south": {"uv": [13, 11, 16, 16], "texture": "#0"},
				"west": {"uv": [13, 11, 16, 16], "texture": "#0"},
				"up": {"uv": [13, 13, 10, 10], "texture": "#0"},
				"down": {"uv": [13, 13, 10, 16], "texture": "#0"}
			}
		},
		{
			"from": [8, 3, 0],
			"to": [8, 9, 16],
			"rotation": {"angle": 0, "axis": "y", "origin": [7.75, 5, 15]},
			"faces": {
				"north": {"uv": [0, 0, 0, 6], "texture": "#0"},
				"east": {"uv": [16, 0, 0, 6], "texture": "#0"},
				"south": {"uv": [0, 0, 0, 6], "texture": "#0"},
				"west": {"uv": [0, 0, 16, 6], "texture": "#0"},
				"up": {"uv": [0, 16, 0, 0], "texture": "#0"},
				"down": {"uv": [0, 0, 0, 16], "texture": "#0"}
			}
		},
		{
			"from": [6.25, 5, 7],
			"to": [9.75, 8, 14],
			"rotation": {"angle": 0, "axis": "y", "origin": [8, 5, 10]},
			"faces": {
				"north": {"uv": [0, 9, 3, 12], "texture": "#0"},
				"east": {"uv": [7, 13, 0, 16], "texture": "#0"},
				"south": {"uv": [0, 10, 3, 13], "texture": "#0"},
				"west": {"uv": [0, 13, 7, 16], "texture": "#0"},
				"up": {"uv": [3, 13, 0, 6], "texture": "#0"},
				"down": {"uv": [3, 6, 0, 13], "texture": "#0"}
			}
		},
		{
			"from": [7.25, 6.25, 0],
			"to": [8.75, 7.75, 7],
			"rotation": {"angle": 0, "axis": "y", "origin": [8, 3, 6]},
			"faces": {
				"north": {"uv": [5, 6, 9, 10], "texture": "#0"},
				"east": {"uv": [9, 8, 16, 10], "texture": "#0"},
				"south": {"uv": [14, 8, 16, 10], "texture": "#0"},
				"west": {"uv": [9, 8, 16, 10], "texture": "#0"},
				"up": {"uv": [16, 10, 14, 8], "texture": "#0"},
				"down": {"uv": [16, 8, 14, 10], "texture": "#0"}
			}
		},
		{
			"from": [7.625, 5.5, 3],
			"to": [8.375, 6.25, 7],
			"rotation": {"angle": 0, "axis": "y", "origin": [7.875, 2, 6]},
			"faces": {
				"north": {"uv": [9, 9, 10, 10], "texture": "#0"},
				"east": {"uv": [9, 9, 13, 10], "texture": "#0"},
				"south": {"uv": [14, 20, 15, 21], "texture": "#0"},
				"west": {"uv": [9, 8, 13, 9], "texture": "#0"},
				"up": {"uv": [10, 10, 9, 9], "texture": "#0"},
				"down": {"uv": [10, 9, 9, 10], "texture": "#0"}
			}
		}
	],
	"display": {
		"thirdperson_righthand": {
			"translation": [0, 2.25, -3.5],
			"scale": [0.6, 0.6, 0.6]
		},
		"thirdperson_lefthand": {
			"translation": [0, 2.25, -3.5],
			"scale": [0.6, 0.6, 0.6]
		},
		"firstperson_righthand": {
			"translation": [-0.75, 6, 0],
			"scale": [0.6, 0.6, 0.6]
		},
		"firstperson_lefthand": {
			"translation": [-0.75, 6, 0],
			"scale": [0.6, 0.6, 0.6]
		},
		"ground": {
			"rotation": [0, 0, 90],
			"translation": [-3.75, -2.25, 0],
			"scale": [0.7, 0.7, 0.7]
		},
		"gui": {
			"rotation": [90, 60, -90],
			"translation": [0, 3.5, 0]
		},
		"fixed": {
			"rotation": [90, 0, 90],
			"translation": [-4.75, 0, -2.25],
			"scale": [1.25, 1.25, 1.25]
		}
	}
}